Rank,Guild Name,Realm,Link
70,Sabotage,EU-Ragnaros,https://www.wowprogress.com/guild/eu/ragnaros/Sabotage
95,Dedicated Casuals,EU (DE)-Eredar,https://www.wowprogress.com/guild/eu/eredar/Dedicated+Casuals
108,Turtles,EU-Tarren Mill,https://www.wowprogress.com/guild/eu/tarren-mill/Turtles
112,Arctic Avengers,EU-Kazzak,https://www.wowprogress.com/guild/eu/kazzak/Arctic+Avengers
112,Who Asked,EU-Draenor,https://www.wowprogress.com/guild/eu/draenor/Who+Asked
118,Versatile,EU-Silvermoon,https://www.wowprogress.com/guild/eu/silvermoon/Versatile
136,Easy Katka,EU (DE)-Blackhand,https://www.wowprogress.com/guild/eu/blackhand/Easy+Katka
138,Guldbyen,EU-Kazzak,https://www.wowprogress.com/guild/eu/kazzak/Guldbyen
142,Pescorus,EU-Kazzak,https://www.wowprogress.com/guild/eu/kazzak/Pescorus
157,this is fine,EU-Tarren Mill,https://www.wowprogress.com/guild/eu/tarren-mill/this+is+fine
160,Mental Apocalypse,EU-Ragnaros,https://www.wowprogress.com/guild/eu/ragnaros/Mental+Apocalypse
164,Divinum,EU (DE)-Gul'dan,https://www.wowprogress.com/guild/eu/gul-dan/Divinum
167,Mystruppen,EU-Twisting Nether,https://www.wowprogress.com/guild/eu/twisting-nether/Mystruppen
171,Revoke,EU-Tarren Mill,https://www.wowprogress.com/guild/eu/tarren-mill/Revoke
181,Epoch,EU-Argent Dawn,https://www.wowprogress.com/guild/eu/argent-dawn/Epoch
187,Coinflip,EU-Twisting Nether,https://www.wowprogress.com/guild/eu/twisting-nether/Coinflip
188,Competence Optional,EU-Twisting Nether,https://www.wowprogress.com/guild/eu/twisting-nether/Competence+Optional
200,Ascendance,EU-Draenor,https://www.wowprogress.com/guild/eu/draenor/Ascendance
203,Persistence,EU-Tarren Mill,https://www.wowprogress.com/guild/eu/tarren-mill/Persistence
214,TED,EU-Twisting Nether,https://www.wowprogress.com/guild/eu/twisting-nether/TED
228,Cursed Gifts,EU-Tarren Mill,https://www.wowprogress.com/guild/eu/tarren-mill/Cursed+Gifts
236,LOGIN,EU-Tarren Mill,https://www.wowprogress.com/guild/eu/tarren-mill/LOGIN
256,Unluck,EU (DE)-Blackrock,https://www.wowprogress.com/guild/eu/blackrock/Unluck
257,No Shame,EU-Kazzak,https://www.wowprogress.com/guild/eu/kazzak/No+Shame
261,Revolutionist,EU-Ragnaros,https://www.wowprogress.com/guild/eu/ragnaros/Revolutionist
275,Noctis,EU-Kazzak,https://www.wowprogress.com/guild/eu/kazzak/Noctis
280,Epos,EU (DE)-Blackhand,https://www.wowprogress.com/guild/eu/blackhand/Epos
293,Mayhem,EU-Ragnaros,https://www.wowprogress.com/guild/eu/ragnaros/Mayhem
300,Tales,EU (DE)-Blackrock,https://www.wowprogress.com/guild/eu/blackrock/Tales
302,Deposit Coin,EU-Stormscale,https://www.wowprogress.com/guild/eu/stormscale/Deposit+Coin
317,Drama,EU-Tarren Mill,https://www.wowprogress.com/guild/eu/tarren-mill/Drama
318,Retreat,EU (DE)-Blackhand,https://www.wowprogress.com/guild/eu/blackhand/Retreat
321,Equity,EU-Draenor,https://www.wowprogress.com/guild/eu/draenor/Equity
324,Globallocked,EU-Tarren Mill,https://www.wowprogress.com/guild/eu/tarren-mill/Globallocked
327,Arise,EU-Kazzak,https://www.wowprogress.com/guild/eu/kazzak/Arise
335,TheMisfits,EU-Ragnaros,https://www.wowprogress.com/guild/eu/ragnaros/TheMisfits
363,raise,EU (DE)-Blackrock,https://www.wowprogress.com/guild/eu/blackrock/raise
371,Gravity,EU (DE)-Blackhand,https://www.wowprogress.com/guild/eu/blackhand/Gravity
372,Zwei Kölsch bitte,EU (DE)-Eredar,https://www.wowprogress.com/guild/eu/eredar/Zwei+K%C3%B6lsch+bitte
374,Violent Circus,EU-Defias Brotherhood,https://www.wowprogress.com/guild/eu/defias-brotherhood/Violent+Circus
379,Swamp Animals,EU-Ravencrest,https://www.wowprogress.com/guild/eu/ravencrest/Swamp+Animals
380,Shattered,EU (DE)-Eredar,https://www.wowprogress.com/guild/eu/eredar/Shattered
384,[Raid] Blue,EU-Silvermoon,https://www.wowprogress.com/team/eu/silvermoon/raid-Blue
393,My Way to Skill,EU (DE)-Blackmoore,https://www.wowprogress.com/guild/eu/blackmoore/My+Way+to+Skill
395,Reprogress Live,EU (DE)-Mal'Ganis,https://www.wowprogress.com/guild/eu/mal-ganis/Reprogress+Live
396,Beyond,EU (DE)-Eredar,https://www.wowprogress.com/guild/eu/eredar/Beyond
402,Low Expectations,EU-Ragnaros,https://www.wowprogress.com/guild/eu/ragnaros/Low+Expectations
414,Flawless,EU (DE)-Blackrock,https://www.wowprogress.com/guild/eu/blackrock/Flawless
416,Níghtshade,EU-Ravencrest,https://www.wowprogress.com/guild/eu/ravencrest/N%C3%ADghtshade
421,predicted,EU (DE)-Blackmoore,https://www.wowprogress.com/guild/eu/blackmoore/predicted
422,Best in Slot,EU-Kazzak,https://www.wowprogress.com/guild/eu/kazzak/Best+in+Slot
423,Simplicity,EU (DE)-Blackmoore,https://www.wowprogress.com/guild/eu/blackmoore/Simplicity
426,Shattrath Island,EU (DE)-Eredar,https://www.wowprogress.com/guild/eu/eredar/Shattrath+Island
428,Rhythm,EU-Draenor,https://www.wowprogress.com/guild/eu/draenor/Rhythm
431,TYST JAG SER INTE,EU-Tarren Mill,https://www.wowprogress.com/guild/eu/tarren-mill/TYST+JAG+SER+INTE
432,Revelations,EU-Twisting Nether,https://www.wowprogress.com/guild/eu/twisting-nether/Revelations
432,Amorphic,EU-Kazzak,https://www.wowprogress.com/guild/eu/kazzak/Amorphic
434,Salty Tears,EU-Twisting Nether,https://www.wowprogress.com/guild/eu/twisting-nether/Salty+Tears
435,Foundation,EU-Magtheridon,https://www.wowprogress.com/guild/eu/magtheridon/Foundation
436,Luce,EU-Draenor,https://www.wowprogress.com/guild/eu/draenor/Luce
440,Average Pillagers,EU-Azjol-Nerub,https://www.wowprogress.com/guild/eu/azjol-nerub/Average+Pillagers
440,Bestyrelsen,EU-Draenor,https://www.wowprogress.com/guild/eu/draenor/Bestyrelsen
447,The Rupture,EU-Draenor,https://www.wowprogress.com/guild/eu/draenor/The+Rupture
452,Lost and Abandoned,EU-Ravencrest,https://www.wowprogress.com/guild/eu/ravencrest/Lost+and+Abandoned
461,Pixelbased Lifeforms,EU-Kazzak,https://www.wowprogress.com/guild/eu/kazzak/Pixelbased+Lifeforms
463,Infected Nation,EU-Kor'gall,https://www.wowprogress.com/guild/eu/kor-gall/Infected+Nation
463,TeamSpirit,EU (DE)-Blackrock,https://www.wowprogress.com/guild/eu/blackrock/TeamSpirit
463,TeamSpirit [ Team C],EU (DE)-Blackrock,https://www.wowprogress.com/team/eu/blackrock/raid-Team+C
466,OG Feedback,EU-Twisting Nether,https://www.wowprogress.com/guild/eu/twisting-nether/OG+Feedback
466,Wild Things,EU (DE)-Blackhand,https://www.wowprogress.com/guild/eu/blackhand/Wild+Things
470,W a s h e d,EU-Twisting Nether,https://www.wowprogress.com/guild/eu/twisting-nether/W+a+s+h+e+d
473,Uncoordinated,EU-Kazzak,https://www.wowprogress.com/guild/eu/kazzak/Uncoordinated
474,The Fugitives,EU-Draenor,https://www.wowprogress.com/guild/eu/draenor/The+Fugitives
476,Zeal,EU (DE)-Azshara,https://www.wowprogress.com/guild/eu/azshara/Zeal
478,Cutting Bread,EU-Draenor,https://www.wowprogress.com/guild/eu/draenor/Cutting+Bread
488,Booty Bay Bingo Bu..,EU (DE)-Blackhand,https://www.wowprogress.com/guild/eu/blackhand/Booty+Bay+Bingo+Buddies
490,Fysikbasserne,EU-Tarren Mill,https://www.wowprogress.com/guild/eu/tarren-mill/Fysikbasserne
493,The Ministry,EU-Ragnaros,https://www.wowprogress.com/guild/eu/ragnaros/The+Ministry
494,Broken Promises,EU-Kazzak,https://www.wowprogress.com/guild/eu/kazzak/Broken+Promises
500,Overcooked,EU-Twisting Nether,https://www.wowprogress.com/guild/eu/twisting-nether/Overcooked
501,Carried By Bots,EU (DE)-Blackrock,https://www.wowprogress.com/guild/eu/blackrock/Carried+By+Bots
523,forever the sickes..,EU (DE)-Blackmoore,https://www.wowprogress.com/guild/eu/blackmoore/forever+the+sickest+kids
524,Wipe it Out,EU (DE)-Thrall,https://www.wowprogress.com/guild/eu/thrall/Wipe+it+Out
525,Tatortreiniger,EU (DE)-Blackmoore,https://www.wowprogress.com/guild/eu/blackmoore/Tatortreiniger
526,Below Average,EU (DE)-Eredar,https://www.wowprogress.com/guild/eu/eredar/Below+Average
528,Solids,EU (DE)-Blackrock,https://www.wowprogress.com/guild/eu/blackrock/Solids
530,eXôdus,EU (DE)-Eredar,https://www.wowprogress.com/guild/eu/eredar/eX%C3%B4dus
550,Stormbreaker,EU-Burning Legion,https://www.wowprogress.com/guild/eu/burning-legion/Stormbreaker
552,Wild Hunt,EU-Kazzak,https://www.wowprogress.com/guild/eu/kazzak/Wild+Hunt
556,Resync,EU (DE)-Blackhand,https://www.wowprogress.com/guild/eu/blackhand/Resync
557,Monkee,EU-Draenor,https://www.wowprogress.com/guild/eu/draenor/Monkee
561,Reko,EU-Tarren Mill,https://www.wowprogress.com/guild/eu/tarren-mill/Reko
571,Winterfall,EU-Draenor,https://www.wowprogress.com/guild/eu/draenor/Winterfall
572,Scallywags,EU (DE)-Blackrock,https://www.wowprogress.com/guild/eu/blackrock/Scallywags
582,Atlantik,EU (DE)-Blackhand,https://www.wowprogress.com/guild/eu/blackhand/Atlantik
589,Näkijän taru,EU-Bloodfeather,https://www.wowprogress.com/guild/eu/bloodfeather/N%C3%A4kij%C3%A4n+taru
591,Avalerion,EU-Stormrage,https://www.wowprogress.com/guild/eu/stormrage/Avalerion
593,V r e d e,EU-Twisting Nether,https://www.wowprogress.com/guild/eu/twisting-nether/V+r+e+d+e
595,Sideraid,EU (DE)-Blackmoore,https://www.wowprogress.com/guild/eu/blackmoore/Sideraid
598,Slightly Reunited,EU-Ravencrest,https://www.wowprogress.com/guild/eu/ravencrest/Slightly+Reunited
600,Unførgiven,EU-Draenor,https://www.wowprogress.com/guild/eu/draenor/Unf%C3%B8rgiven
606,One of Us,EU-Ravencrest,https://www.wowprogress.com/guild/eu/ravencrest/One+of+Us
607,Happy Accident,EU (DE)-Blackrock,https://www.wowprogress.com/guild/eu/blackrock/Happy+Accident
608,Invictus Mortiferis,EU-Doomhammer,https://www.wowprogress.com/guild/eu/doomhammer/Invictus+Mortiferis
610,Lost Boys,EU-Twisting Nether,https://www.wowprogress.com/guild/eu/twisting-nether/Lost+Boys
612,MIAMI,EU-Twisting Nether,https://www.wowprogress.com/guild/eu/twisting-nether/MIAMI
617,Inner Fury,EU-Twisting Nether,https://www.wowprogress.com/guild/eu/twisting-nether/Inner+Fury
618,value,EU (DE)-Thrall,https://www.wowprogress.com/guild/eu/thrall/value
623,Die Fackaduus,EU (DE)-Blackrock,https://www.wowprogress.com/guild/eu/blackrock/Die+Fackaduus
625,Cursed,EU (DE)-Blackrock,https://www.wowprogress.com/guild/eu/blackrock/Cursed
626,VooDoo,EU (DE)-Blackhand,https://www.wowprogress.com/guild/eu/blackhand/VooDoo
629,Momentus,EU-Tarren Mill,https://www.wowprogress.com/guild/eu/tarren-mill/Momentus
629,Silenced,EU (DE)-Thrall,https://www.wowprogress.com/guild/eu/thrall/Silenced
634,proud to be hated,EU (DE)-Blackhand,https://www.wowprogress.com/guild/eu/blackhand/proud+to+be+hated
634,Pull bei Eins,EU (DE)-Thrall,https://www.wowprogress.com/guild/eu/thrall/Pull+bei+Eins
636,Vault Slappers,EU (DE)-Blackhand,https://www.wowprogress.com/guild/eu/blackhand/Vault+Slappers
637,Amazing Stories [ Amazing Stories],EU (DE)-Blackmoore,https://www.wowprogress.com/team/eu/blackmoore/raid-Amazing+Stories
639,Momento,EU-Draenor,https://www.wowprogress.com/guild/eu/draenor/Momento
640,Una Familia,EU-Magtheridon,https://www.wowprogress.com/guild/eu/magtheridon/Una+Familia
654,Unlucky,EU (DE)-Mal'Ganis,https://www.wowprogress.com/guild/eu/mal-ganis/Unlucky
655,Polar,EU-Draenor,https://www.wowprogress.com/guild/eu/draenor/Polar
658,Lappenbande,EU (DE)-Blackmoore,https://www.wowprogress.com/guild/eu/blackmoore/Lappenbande
658,Dont Heal Phase One,EU-Kazzak,https://www.wowprogress.com/guild/eu/kazzak/Dont+Heal+Phase+One
660,Revolution,EU-Silvermoon,https://www.wowprogress.com/guild/eu/silvermoon/Revolution
662,Oh Crit,EU-Stormscale,https://www.wowprogress.com/guild/eu/stormscale/Oh+Crit
687,Doomed,EU (DE)-Thrall,https://www.wowprogress.com/guild/eu/thrall/Doomed
688,Azshari Vegans,EU-Twisting Nether,https://www.wowprogress.com/guild/eu/twisting-nether/Azshari+Vegans
689,Cor Fortium,EU-Draenor,https://www.wowprogress.com/guild/eu/draenor/Cor+Fortium
689,JAGET,EU-Tarren Mill,https://www.wowprogress.com/guild/eu/tarren-mill/JAGET
691,Andromeda,EU-Stormrage,https://www.wowprogress.com/guild/eu/stormrage/Andromeda
692,In Denial,EU-Twisting Nether,https://www.wowprogress.com/guild/eu/twisting-nether/In+Denial
692,Feeling Mangoes,EU-Kazzak,https://www.wowprogress.com/guild/eu/kazzak/Feeling+Mangoes
695,Hexplosive Alchemi..,EU (DE)-Blackmoore,https://www.wowprogress.com/guild/eu/blackmoore/Hexplosive+Alchemists
697,Huskies eSports,EU (DE)-Blackhand,https://www.wowprogress.com/guild/eu/blackhand/Huskies+eSports
698,Good Name Pending,EU-Silvermoon,https://www.wowprogress.com/guild/eu/silvermoon/Good+Name+Pending
706,Keine Ahnung,EU (DE)-Blackmoore,https://www.wowprogress.com/guild/eu/blackmoore/Keine+Ahnung
710,Tokidoki,EU-Silvermoon,https://www.wowprogress.com/guild/eu/silvermoon/Tokidoki
712,Mainframe,EU-Tarren Mill,https://www.wowprogress.com/guild/eu/tarren-mill/Mainframe
713,Initium,EU-Kazzak,https://www.wowprogress.com/guild/eu/kazzak/Initium
716,M Y T H,EU-Drak'thul,https://www.wowprogress.com/guild/eu/drak-thul/M+Y+T+H
716,Mithril Knights,EU-Hellscream,https://www.wowprogress.com/guild/eu/hellscream/Mithril+Knights
720,Lucky Wipe,EU-Kazzak,https://www.wowprogress.com/guild/eu/kazzak/Lucky+Wipe
722,Disobedient,EU-Twisting Nether,https://www.wowprogress.com/guild/eu/twisting-nether/Disobedient
734,BGW,EU-Draenor,https://www.wowprogress.com/guild/eu/draenor/BGW
735,InnerCore,EU (DE)-Eredar,https://www.wowprogress.com/guild/eu/eredar/InnerCore
736,Alteracs Legacy,EU (DE)-Blackmoore,https://www.wowprogress.com/guild/eu/blackmoore/Alteracs+Legacy
737,Sugar Rush,EU-Tarren Mill,https://www.wowprogress.com/guild/eu/tarren-mill/Sugar+Rush
738,Endpoint,EU-Draenor,https://www.wowprogress.com/guild/eu/draenor/Endpoint
739,Magical Gathering,EU-Draenor,https://www.wowprogress.com/guild/eu/draenor/Magical+Gathering
740,Zeitsturm,EU (DE)-Frostwolf,https://www.wowprogress.com/guild/eu/frostwolf/Zeitsturm
741,Six Eggs,EU-Outland,https://www.wowprogress.com/guild/eu/outland/Six+Eggs
742,Djungelpatrullen,EU-Tarren Mill,https://www.wowprogress.com/guild/eu/tarren-mill/Djungelpatrullen
744,Pirates of Scarlet..,EU-Nemesis,https://www.wowprogress.com/guild/eu/nemesis/Pirates+of+Scarlet+Moon
744,Omnia Vanitas,EU-Burning Legion,https://www.wowprogress.com/guild/eu/burning-legion/Omnia+Vanitas
747,ÆVUM,EU (DE)-Blackhand,https://www.wowprogress.com/guild/eu/blackhand/%C3%86VUM
748,Genesis,EU-Kazzak,https://www.wowprogress.com/guild/eu/kazzak/Genesis
749,Karazhan Schach Club,EU (DE)-Blackmoore,https://www.wowprogress.com/guild/eu/blackmoore/Karazhan+Schach+Club
749,Let us Cook,EU (DE)-Antonidas,https://www.wowprogress.com/guild/eu/antonidas/Let+us+Cook
751,PugChamp,EU-Draenor,https://www.wowprogress.com/guild/eu/draenor/PugChamp
773,Die Portsteinschwa..,EU (DE)-Blackrock,https://www.wowprogress.com/guild/eu/blackrock/Die+Portsteinschwalben
775,Return of the Watc..,EU-Runetotem,https://www.wowprogress.com/guild/eu/runetotem/Return+of+the+Watchers
776,Traube Minze,EU (DE)-Blackmoore,https://www.wowprogress.com/guild/eu/blackmoore/Traube+Minze
778,all gas no break,EU (DE)-Blackhand,https://www.wowprogress.com/guild/eu/blackhand/all+gas+no+break
779,Renegades,EU-Kor'gall,https://www.wowprogress.com/guild/eu/kor-gall/Renegades
780,Tauren Milfs,EU-Tarren Mill,https://www.wowprogress.com/guild/eu/tarren-mill/Tauren+Milfs
812,Bad Alts,EU-Silvermoon,https://www.wowprogress.com/guild/eu/silvermoon/Bad+Alts
815,Amazing Stories [ Night Stories],EU (DE)-Blackmoore,https://www.wowprogress.com/team/eu/blackmoore/raid-Night+Stories
824,Xore,EU (DE)-Eredar,https://www.wowprogress.com/guild/eu/eredar/Xore
825,Dana Nordica,EU-Draenor,https://www.wowprogress.com/guild/eu/draenor/Dana+Nordica
827,Mid Tier Crisis,EU-Argent Dawn,https://www.wowprogress.com/guild/eu/argent-dawn/Mid+Tier+Crisis
828,Beware of Yeti,EU-Draenor,https://www.wowprogress.com/guild/eu/draenor/Beware+of+Yeti
829,monkaPickle,EU-Draenor,https://www.wowprogress.com/guild/eu/draenor/monkaPickle
830,Mercy Killers,EU-Sylvanas,https://www.wowprogress.com/guild/eu/sylvanas/Mercy+Killers
831,Prisjakt,EU-Tarren Mill,https://www.wowprogress.com/guild/eu/tarren-mill/Prisjakt
833,eXsto,EU-Tarren Mill,https://www.wowprogress.com/guild/eu/tarren-mill/eXsto
835,Gargantuan Baguettes,EU-Tarren Mill,https://www.wowprogress.com/guild/eu/tarren-mill/Gargantuan+Baguettes
836,AVALØN,EU-Drak'thul,https://www.wowprogress.com/guild/eu/drak-thul/AVAL%C3%98N
838,Vertigo,EU-Sylvanas,https://www.wowprogress.com/guild/eu/sylvanas/Vertigo
840,Flare,EU-Twisting Nether,https://www.wowprogress.com/guild/eu/twisting-nether/Flare
841,Sleepîng Knîghts,EU (DE)-Antonidas,https://www.wowprogress.com/guild/eu/antonidas/Sleep%C3%AEng+Kn%C3%AEghts
851,Excommunicated,EU-Draenor,https://www.wowprogress.com/guild/eu/draenor/Excommunicated
853,Sordid,EU-Silvermoon,https://www.wowprogress.com/guild/eu/silvermoon/Sordid
854,Motion,EU-Ravencrest,https://www.wowprogress.com/guild/eu/ravencrest/Motion
857,Deception [ Green],EU-Silvermoon,https://www.wowprogress.com/team/eu/silvermoon/raid-Green
858,Disciples Reborn,EU-Stormscale,https://www.wowprogress.com/guild/eu/stormscale/Disciples+Reborn
862,Rhapsody,EU-Twisting Nether,https://www.wowprogress.com/guild/eu/twisting-nether/Rhapsody
865,Naphil,EU (DE)-Antonidas,https://www.wowprogress.com/guild/eu/antonidas/Naphil
867,Influenza,EU-Outland,https://www.wowprogress.com/guild/eu/outland/Influenza
893,Beyond Harmless,EU-Sylvanas,https://www.wowprogress.com/guild/eu/sylvanas/Beyond+Harmless
896,Nàstrandir,EU (DE)-Blackhand,https://www.wowprogress.com/guild/eu/blackhand/N%C3%A0strandir
897,Zero Logic,EU-Kazzak,https://www.wowprogress.com/guild/eu/kazzak/Zero+Logic
897,Revived,EU (DE)-Blackhand,https://www.wowprogress.com/guild/eu/blackhand/Revived
899,Equanimity,EU-Kazzak,https://www.wowprogress.com/guild/eu/kazzak/Equanimity
900,Super Phun Thyme,EU (DE)-Blackhand,https://www.wowprogress.com/guild/eu/blackhand/Super+Phun+Thyme
903,Rise and Shine,EU-Tarren Mill,https://www.wowprogress.com/guild/eu/tarren-mill/Rise+and+Shine
903,Overcharged,EU-Tarren Mill,https://www.wowprogress.com/guild/eu/tarren-mill/Overcharged
903,Solstice,EU-Tarren Mill,https://www.wowprogress.com/guild/eu/tarren-mill/Solstice
906,Erased,EU-Stormscale,https://www.wowprogress.com/guild/eu/stormscale/Erased
909,INSERTCOIN,EU-Ravencrest,https://www.wowprogress.com/guild/eu/ravencrest/INSERTCOIN
927,Tempest,EU-Ravencrest,https://www.wowprogress.com/guild/eu/ravencrest/Tempest
927,[Raid] MK Team 2,EU-Sylvanas,https://www.wowprogress.com/team/eu/sylvanas/raid-MK+Team+2
927,Mercy Killers [ Fire],EU-Sylvanas,https://www.wowprogress.com/team/eu/sylvanas/raid-Fire
930,Broilers,EU (DE)-Antonidas,https://www.wowprogress.com/guild/eu/antonidas/Broilers
931,Ancient Prophecies,EU-Twisting Nether,https://www.wowprogress.com/guild/eu/twisting-nether/Ancient+Prophecies
932,Laid Back,EU-Kazzak,https://www.wowprogress.com/guild/eu/kazzak/Laid+Back
932,Hypothetical,EU-Draenor,https://www.wowprogress.com/guild/eu/draenor/Hypothetical
936,Zero Gravity,EU (DE)-Alleria,https://www.wowprogress.com/guild/eu/alleria/Zero+Gravity
936,I N F I N I T Y,EU-Drak'thul,https://www.wowprogress.com/guild/eu/drak-thul/I+N+F+I+N+I+T+Y
939,Spirits Rising,EU (DE)-Blackmoore,https://www.wowprogress.com/guild/eu/blackmoore/Spirits+Rising
940,dritte art,EU (DE)-Antonidas,https://www.wowprogress.com/guild/eu/antonidas/dritte+art
942,Friendly Friends,EU-Kazzak,https://www.wowprogress.com/guild/eu/kazzak/Friendly+Friends
942,Invictus,EU-Draenor,https://www.wowprogress.com/guild/eu/draenor/Invictus
944,let him cook,EU-Ravencrest,https://www.wowprogress.com/guild/eu/ravencrest/let+him+cook
946,Radiant,EU-Kazzak,https://www.wowprogress.com/guild/eu/kazzak/Radiant
946,Toy Bagels,EU-Tarren Mill,https://www.wowprogress.com/guild/eu/tarren-mill/Toy+Bagels
948,Until The End,EU-Draenor,https://www.wowprogress.com/guild/eu/draenor/Until+The+End
948,Infinite Ruin,EU-Draenor,https://www.wowprogress.com/guild/eu/draenor/Infinite+Ruin
952,The Shining Dawn,EU-Quel'Thalas,https://www.wowprogress.com/guild/eu/quel-thalas/The+Shining+Dawn
954,Perdition,EU-Tarren Mill,https://www.wowprogress.com/guild/eu/tarren-mill/Perdition
980,One Night Stand,EU-Ravencrest,https://www.wowprogress.com/guild/eu/ravencrest/One+Night+Stand
989,Ring Åklagarn,EU-Ragnaros,https://www.wowprogress.com/guild/eu/ragnaros/Ring+%C3%85klagarn
990,Reaperz,EU (DE)-Blackhand,https://www.wowprogress.com/guild/eu/blackhand/Reaperz
992,Redline Raiding,EU-Kazzak,https://www.wowprogress.com/guild/eu/kazzak/Redline+Raiding
993,HinausYhtiö,EU-Twisting Nether,https://www.wowprogress.com/guild/eu/twisting-nether/HinausYhti%C3%B6
995,Envoy,EU-Drak'thul,https://www.wowprogress.com/guild/eu/drak-thul/Envoy
996,Legacy,EU-Silvermoon,https://www.wowprogress.com/guild/eu/silvermoon/Legacy
997,Name in Progress,EU (DE)-Blackrock,https://www.wowprogress.com/guild/eu/blackrock/Name+in+Progress
998,Artemis,EU-Emerald Dream,https://www.wowprogress.com/guild/eu/emerald-dream/Artemis
998,fade,EU (DE)-Blackrock,https://www.wowprogress.com/guild/eu/blackrock/fade
998,Keystone Brickers,EU-Silvermoon,https://www.wowprogress.com/guild/eu/silvermoon/Keystone+Brickers
1001,Sealed,EU (DE)-Blackhand,https://www.wowprogress.com/guild/eu/blackhand/Sealed
1003,Fragments,EU-Outland,https://www.wowprogress.com/guild/eu/outland/Fragments
1004,improved,EU (DE)-Blackrock,https://www.wowprogress.com/guild/eu/blackrock/improved
1004,EinsZweiVier,EU (DE)-Thrall,https://www.wowprogress.com/guild/eu/thrall/EinsZweiVier
1007,Dragons,EU (DE)-Eredar,https://www.wowprogress.com/guild/eu/eredar/Dragons
1008,Name Pending,EU-Silvermoon,https://www.wowprogress.com/guild/eu/silvermoon/Name+Pending
1010,Aeon Remnants,EU-Tarren Mill,https://www.wowprogress.com/guild/eu/tarren-mill/Aeon+Remnants
1010,Burning Tempest,EU (DE)-Dun Morogh,https://www.wowprogress.com/guild/eu/dun-morogh/Burning+Tempest
1010,Synergize,EU-Draenor,https://www.wowprogress.com/guild/eu/draenor/Synergize
1028,Pink Pony Death Sq..,EU (DE)-Blackrock,https://www.wowprogress.com/guild/eu/blackrock/Pink+Pony+Death+Squad
1029,Interstellar Bum O..,EU-Ragnaros,https://www.wowprogress.com/guild/eu/ragnaros/Interstellar+Bum+Orcs
1029,Incendaríus,EU (DE)-Blackhand,https://www.wowprogress.com/guild/eu/blackhand/Incendar%C3%ADus
1032,ist gildenlos,EU (DE)-Mal'Ganis,https://www.wowprogress.com/guild/eu/mal-ganis/ist+gildenlos
1033,Bleeding Guardians,EU (DE)-Blackhand,https://www.wowprogress.com/guild/eu/blackhand/Bleeding+Guardians
1034,Carried by RNG,EU (DE)-Antonidas,https://www.wowprogress.com/guild/eu/antonidas/Carried+by+RNG
1037,InProgress,EU (DE)-Ambossar,https://www.wowprogress.com/guild/eu/ambossar/InProgress
1037,Invidia,EU-Twisting Nether,https://www.wowprogress.com/guild/eu/twisting-nether/Invidia
1037,Oljefondet,EU-Ragnaros,https://www.wowprogress.com/guild/eu/ragnaros/Oljefondet
1044,Iron Edge,EU-Kazzak,https://www.wowprogress.com/guild/eu/kazzak/Iron+Edge
1051,Requiem,EU-Tarren Mill,https://www.wowprogress.com/guild/eu/tarren-mill/Requiem
1051,Experience,EU (DE)-Frostwolf,https://www.wowprogress.com/guild/eu/frostwolf/Experience
1054,Kodeks,EU-Tarren Mill,https://www.wowprogress.com/guild/eu/tarren-mill/Kodeks
1057,Dystopia,EU (DE)-Malfurion,https://www.wowprogress.com/guild/eu/malfurion/Dystopia
1081,Mici Bere si Manele,EU-Tarren Mill,https://www.wowprogress.com/guild/eu/tarren-mill/Mici+Bere+si+Manele
1082,Vespertine,EU-Twisting Nether,https://www.wowprogress.com/guild/eu/twisting-nether/Vespertine
1083,Impasse,EU-Ragnaros,https://www.wowprogress.com/guild/eu/ragnaros/Impasse
1084,Fem Udråbstegn,EU-Stormscale,https://www.wowprogress.com/guild/eu/stormscale/Fem+Udr%C3%A5bstegn
1085,flying fools,EU (DE)-Thrall,https://www.wowprogress.com/guild/eu/thrall/flying+fools
1089,Rat Pack,EU-Stormscale,https://www.wowprogress.com/guild/eu/stormscale/Rat+Pack
1092,Lua Error,EU-Tarren Mill,https://www.wowprogress.com/guild/eu/tarren-mill/Lua+Error
1131,Tired,EU-Draenor,https://www.wowprogress.com/guild/eu/draenor/Tired
1133,Grey,EU (DE)-Blackhand,https://www.wowprogress.com/guild/eu/blackhand/Grey
1133,Devious Intention,EU-Tarren Mill,https://www.wowprogress.com/guild/eu/tarren-mill/Devious+Intention
1135,Imperative,EU-Kazzak,https://www.wowprogress.com/guild/eu/kazzak/Imperative
1163,Expurged,EU-Ragnaros,https://www.wowprogress.com/guild/eu/ragnaros/Expurged
1164,Zenit,EU (DE)-Blackrock,https://www.wowprogress.com/guild/eu/blackrock/Zenit
1165,murderous frenzy,EU (DE)-Blackhand,https://www.wowprogress.com/guild/eu/blackhand/murderous+frenzy
1166,Perfectly Preserve..,EU-Argent Dawn,https://www.wowprogress.com/guild/eu/argent-dawn/Perfectly+Preserved+Cake
1166,One Day,EU (DE)-Thrall,https://www.wowprogress.com/guild/eu/thrall/One+Day
1168,Fap Stars auch,EU (DE)-Eredar,https://www.wowprogress.com/guild/eu/eredar/Fap+Stars+auch
1168,monkeland,EU-Twisting Nether,https://www.wowprogress.com/guild/eu/twisting-nether/monkeland
1170,Disengage,EU-Draenor,https://www.wowprogress.com/guild/eu/draenor/Disengage
1171,Omnicide,EU-Twisting Nether,https://www.wowprogress.com/guild/eu/twisting-nether/Omnicide
1174,Intolerance,EU-Draenor,https://www.wowprogress.com/guild/eu/draenor/Intolerance
1183,Chainless,EU (DE)-Blackmoore,https://www.wowprogress.com/guild/eu/blackmoore/Chainless
1185,Baboon Squad,EU-Stormscale,https://www.wowprogress.com/guild/eu/stormscale/Baboon+Squad
1187,rise again,EU (DE)-Blackrock,https://www.wowprogress.com/guild/eu/blackrock/rise+again
1187,Divided,EU-Ragnaros,https://www.wowprogress.com/guild/eu/ragnaros/Divided
1190,Efficiency,EU-Ragnaros,https://www.wowprogress.com/guild/eu/ragnaros/Efficiency
1190,GoodWipes,EU (DE)-Blackmoore,https://www.wowprogress.com/guild/eu/blackmoore/GoodWipes
1192,Status Quo,EU (DE)-Antonidas,https://www.wowprogress.com/guild/eu/antonidas/Status+Quo
1192,Taco,EU-Tarren Mill,https://www.wowprogress.com/guild/eu/tarren-mill/Taco
1196,Aurora,EU-Kazzak,https://www.wowprogress.com/guild/eu/kazzak/Aurora
1198,Fluffy Lemon Noodles,EU-Tarren Mill,https://www.wowprogress.com/guild/eu/tarren-mill/Fluffy+Lemon+Noodles
1199,Wasted,EU (DE)-Blackhand,https://www.wowprogress.com/guild/eu/blackhand/Wasted
1199,Budget Anomalous,EU-Kazzak,https://www.wowprogress.com/guild/eu/kazzak/Budget+Anomalous
1208,The Legions Ten,EU (DE)-Antonidas,https://www.wowprogress.com/guild/eu/antonidas/The+Legions+Ten
1228,Calm Before the St..,EU-Argent Dawn,https://www.wowprogress.com/guild/eu/argent-dawn/Calm+Before+the+Storm
1229,Voljin and Tonic,EU-Defias Brotherhood,https://www.wowprogress.com/guild/eu/defias-brotherhood/Voljin+and+Tonic
1232,Technical Difficul..,EU-Twisting Nether,https://www.wowprogress.com/guild/eu/twisting-nether/Technical+Difficulties
1233,ZonK,EU (DE)-Blackrock,https://www.wowprogress.com/guild/eu/blackrock/ZonK
1234,Indecision,EU-Ravencrest,https://www.wowprogress.com/guild/eu/ravencrest/Indecision
1250,BBC,EU-Draenor,https://www.wowprogress.com/guild/eu/draenor/BBC
1251,All into Boss,EU (DE)-Blackhand,https://www.wowprogress.com/guild/eu/blackhand/All+into+Boss
1252,Crimson Raiders,EU (DE)-Blackhand,https://www.wowprogress.com/guild/eu/blackhand/Crimson+Raiders
1253,Prima Sort,EU-Burning Legion,https://www.wowprogress.com/guild/eu/burning-legion/Prima+Sort
1257,Rabid Porcupine,EU-Ragnaros,https://www.wowprogress.com/guild/eu/ragnaros/Rabid+Porcupine
1257,Mad Scientists,EU (DE)-Antonidas,https://www.wowprogress.com/guild/eu/antonidas/Mad+Scientists
1277,Dispel Please,EU-Kor'gall,https://www.wowprogress.com/guild/eu/kor-gall/Dispel+Please
1285,Always Sunny in Ta..,EU-Draenor,https://www.wowprogress.com/guild/eu/draenor/Always+Sunny+in+Tanaris
1286,Anarchie,EU (DE)-Der Rat von Dalaran,https://www.wowprogress.com/guild/eu/der-rat-von-dalaran/Anarchie
1287,Pompeii,EU (DE)-Antonidas,https://www.wowprogress.com/guild/eu/antonidas/Pompeii
1289,Diktaturen,EU-Stormscale,https://www.wowprogress.com/guild/eu/stormscale/Diktaturen
1290,Glorified Paperwei..,EU-Tarren Mill,https://www.wowprogress.com/guild/eu/tarren-mill/Glorified+Paperweight
1291,Mah Oida,EU (DE)-Arthas,https://www.wowprogress.com/guild/eu/arthas/Mah+Oida
1292,Diabolica,EU (DE)-Blackrock,https://www.wowprogress.com/guild/eu/blackrock/Diabolica
1294,Resolve,EU-Twisting Nether,https://www.wowprogress.com/guild/eu/twisting-nether/Resolve
1295,Quasar,EU-Nordrassil,https://www.wowprogress.com/guild/eu/nordrassil/Quasar
1302,Provoke,EU (DE)-Blackmoore,https://www.wowprogress.com/guild/eu/blackmoore/Provoke
1304,Raid in Peace,EU (DE)-Malygos,https://www.wowprogress.com/guild/eu/malygos/Raid+in+Peace
1305,Added,EU (DE)-Antonidas,https://www.wowprogress.com/guild/eu/antonidas/Added
1305,Maybe Mythic,EU-Argent Dawn,https://www.wowprogress.com/guild/eu/argent-dawn/Maybe+Mythic
1307,Shared Braincell,EU-Draenor,https://www.wowprogress.com/guild/eu/draenor/Shared+Braincell
1308,Vermilion Resurgence,EU-Kazzak,https://www.wowprogress.com/guild/eu/kazzak/Vermilion+Resurgence
1308,Jailer Made Me Do It,EU-Tarren Mill,https://www.wowprogress.com/guild/eu/tarren-mill/Jailer+Made+Me+Do+It
1310,Defenestrate,EU-Tarren Mill,https://www.wowprogress.com/guild/eu/tarren-mill/Defenestrate
1311,Crimson Dusk,EU-Argent Dawn,https://www.wowprogress.com/guild/eu/argent-dawn/Crimson+Dusk
1312,Resign,EU (DE)-Blackrock,https://www.wowprogress.com/guild/eu/blackrock/Resign
1314,Absolution,EU-Argent Dawn,https://www.wowprogress.com/guild/eu/argent-dawn/Absolution
1326,Welcome [ Welcome Two],EU-Argent Dawn,https://www.wowprogress.com/team/eu/argent-dawn/raid-Welcome+Two
1328,Fridge Raiders,EU-Silvermoon,https://www.wowprogress.com/guild/eu/silvermoon/Fridge+Raiders
1329,Titans Fury,EU-Twisting Nether,https://www.wowprogress.com/guild/eu/twisting-nether/Titans+Fury
1330,Refrigeraiders,EU-Tarren Mill,https://www.wowprogress.com/guild/eu/tarren-mill/Refrigeraiders
1333,TheZoo,EU-Kazzak,https://www.wowprogress.com/guild/eu/kazzak/TheZoo
1334,Insatiable,EU-Draenor,https://www.wowprogress.com/guild/eu/draenor/Insatiable
1334,Px,EU (ES)-Sanguino,https://www.wowprogress.com/guild/eu/sanguino/Px
1348,LkaksP Issue,EU-Stormreaver,https://www.wowprogress.com/guild/eu/stormreaver/LkaksP+Issue
1350,Farsta Fishing,EU-Argent Dawn,https://www.wowprogress.com/guild/eu/argent-dawn/Farsta+Fishing
1351,SeriouslyCasual,EU-Silvermoon,https://www.wowprogress.com/guild/eu/silvermoon/SeriouslyCasual
1352,Nebula,EU-Twisting Nether,https://www.wowprogress.com/guild/eu/twisting-nether/Nebula
1365,Hades,EU-Terenas,https://www.wowprogress.com/guild/eu/terenas/Hades
1367,Lobotomized,EU-Ravencrest,https://www.wowprogress.com/guild/eu/ravencrest/Lobotomized
1369,so fluffy,EU (DE)-Blackhand,https://www.wowprogress.com/guild/eu/blackhand/so+fluffy
1369,gefährlich flauschig,EU (DE)-Blackhand,https://www.wowprogress.com/guild/eu/blackhand/gef%C3%A4hrlich+flauschig
1373,Uníty,EU (DE)-Blackhand,https://www.wowprogress.com/guild/eu/blackhand/Un%C3%ADty
1374,Reclear,EU-Silvermoon,https://www.wowprogress.com/guild/eu/silvermoon/Reclear
1377,CK,EU-Burning Legion,https://www.wowprogress.com/guild/eu/burning-legion/CK
1378,Audacity,EU-Twisting Nether,https://www.wowprogress.com/guild/eu/twisting-nether/Audacity
1399,The Revelation,EU (DE)-Blackhand,https://www.wowprogress.com/guild/eu/blackhand/The+Revelation
1400,Hård,EU-Kazzak,https://www.wowprogress.com/guild/eu/kazzak/H%C3%A5rd
1401,Akta Frontal,EU-Ravencrest,https://www.wowprogress.com/guild/eu/ravencrest/Akta+Frontal
1402,Jägarna,EU-Tarren Mill,https://www.wowprogress.com/guild/eu/tarren-mill/J%C3%A4garna
1403,Lobsters,EU-Tarren Mill,https://www.wowprogress.com/guild/eu/tarren-mill/Lobsters
1404,Cute,EU-Tarren Mill,https://www.wowprogress.com/guild/eu/tarren-mill/Cute
1405,New Story,EU-Tarren Mill,https://www.wowprogress.com/guild/eu/tarren-mill/New+Story
1406,Bingohallen,EU-Ragnaros,https://www.wowprogress.com/guild/eu/ragnaros/Bingohallen
1407,Increased,EU (DE)-Eredar,https://www.wowprogress.com/guild/eu/eredar/Increased
1408,Debonair Legacy,EU-Twisting Nether,https://www.wowprogress.com/guild/eu/twisting-nether/Debonair+Legacy
1411,So Much Discussion,EU (DE)-Blackmoore,https://www.wowprogress.com/guild/eu/blackmoore/So+Much+Discussion
1413,We are not prepared,EU (DE)-Blackmoore,https://www.wowprogress.com/guild/eu/blackmoore/We+are+not+prepared
1414,Rhythm,EU-Zenedar,https://www.wowprogress.com/guild/eu/zenedar/Rhythm
1416,One and Done,EU-Ravencrest,https://www.wowprogress.com/guild/eu/ravencrest/One+and+Done
1422,Sha of Happiness,EU-Burning Legion,https://www.wowprogress.com/guild/eu/burning-legion/Sha+of+Happiness
1426,Purrfected,EU-Silvermoon,https://www.wowprogress.com/guild/eu/silvermoon/Purrfected
1427,Enraged [ USE],EU (DE)-Kargath,https://www.wowprogress.com/team/eu/kargath/raid-USE
1428,Prisma,EU (DE)-Blackmoore,https://www.wowprogress.com/guild/eu/blackmoore/Prisma
1430,Ape Enclosure,EU-Tarren Mill,https://www.wowprogress.com/guild/eu/tarren-mill/Ape+Enclosure
1432,Debauchéry Tea Party,EU-Tarren Mill,https://www.wowprogress.com/guild/eu/tarren-mill/Debauch%C3%A9ry+Tea+Party
1442,Apoplexia,EU (DE)-Blackhand,https://www.wowprogress.com/guild/eu/blackhand/Apoplexia
1444,Fallen Kings,EU-Argent Dawn,https://www.wowprogress.com/guild/eu/argent-dawn/Fallen+Kings
1459,Vanir,EU-Tarren Mill,https://www.wowprogress.com/guild/eu/tarren-mill/Vanir
1460,Reverence,EU-Ravencrest,https://www.wowprogress.com/guild/eu/ravencrest/Reverence
1461,Fusion Core,EU-Draenor,https://www.wowprogress.com/guild/eu/draenor/Fusion+Core
1463,Anxiety Hut,EU-Draenor,https://www.wowprogress.com/guild/eu/draenor/Anxiety+Hut
1464,The Turtle Sanctuary,EU-Nordrassil,https://www.wowprogress.com/guild/eu/nordrassil/The+Turtle+Sanctuary
1464,Impaired,EU-Ravencrest,https://www.wowprogress.com/guild/eu/ravencrest/Impaired
1466,Chimera,EU-Bronzebeard,https://www.wowprogress.com/guild/eu/bronzebeard/Chimera
1469,Odyns Beard,EU-Twisting Nether,https://www.wowprogress.com/guild/eu/twisting-nether/Odyns+Beard
1472,Explicit,EU-Ravencrest,https://www.wowprogress.com/guild/eu/ravencrest/Explicit
1488,零的領域,TW-Zealot Blade,https://www.wowprogress.com/guild/tw/zealot-blade/%E9%9B%B6%E7%9A%84%E9%A0%98%E5%9F%9F
1490,Revs de Cuba,EU-Tarren Mill,https://www.wowprogress.com/guild/eu/tarren-mill/Revs+de+Cuba
1491,Before the Storm,EU (DE)-Thrall,https://www.wowprogress.com/guild/eu/thrall/Before+the+Storm
1492,Schattenspiel,EU (DE)-Nozdormu,https://www.wowprogress.com/guild/eu/nozdormu/Schattenspiel
1493,Suggestion,EU-Tarren Mill,https://www.wowprogress.com/guild/eu/tarren-mill/Suggestion
1494,Improvise Adapt Ov..,EU-Drak'thul,https://www.wowprogress.com/guild/eu/drak-thul/Improvise+Adapt+Overcome
1496,Pixel Stack,EU-Tarren Mill,https://www.wowprogress.com/guild/eu/tarren-mill/Pixel+Stack
1498,Mean Girls,EU-Draenor,https://www.wowprogress.com/guild/eu/draenor/Mean+Girls
1519,Shadow Squad,EU-Silvermoon,https://www.wowprogress.com/guild/eu/silvermoon/Shadow+Squad
1520,The Nine Divines,EU-Ravencrest,https://www.wowprogress.com/guild/eu/ravencrest/The+Nine+Divines
1522,Sylvanas Garde,EU (DE)-Forscherliga,https://www.wowprogress.com/guild/eu/forscherliga/Sylvanas+Garde
1523,Bad Omen,EU-Dentarg,https://www.wowprogress.com/guild/eu/dentarg/Bad+Omen
1524,Addicted,EU-Stormscale,https://www.wowprogress.com/guild/eu/stormscale/Addicted
1524,Murlocs Stole My B..,EU (DE)-Antonidas,https://www.wowprogress.com/guild/eu/antonidas/Murlocs+Stole+My+B%C3%AEke
1526,The Whimsicals,EU-Draenor,https://www.wowprogress.com/guild/eu/draenor/The+Whimsicals
1527,The Lunatics,EU (DE)-Blackhand,https://www.wowprogress.com/guild/eu/blackhand/The+Lunatics
1528,Leviathan,EU-Twisting Nether,https://www.wowprogress.com/guild/eu/twisting-nether/Leviathan
1529,Sketchy,EU-Ragnaros,https://www.wowprogress.com/guild/eu/ragnaros/Sketchy
1531,Poetic Justice,EU-Ravencrest,https://www.wowprogress.com/guild/eu/ravencrest/Poetic+Justice
1532,Final Contact,EU (DE)-Antonidas,https://www.wowprogress.com/guild/eu/antonidas/Final+Contact
1542,Flat Raid Failing,EU (DE)-Blackhand,https://www.wowprogress.com/guild/eu/blackhand/Flat+Raid+Failing
1543,VIBBI,EU-Burning Legion,https://www.wowprogress.com/guild/eu/burning-legion/VIBBI
1544,Heartless,EU-Tarren Mill,https://www.wowprogress.com/guild/eu/tarren-mill/Heartless
1546,Ready Check Buff,EU (DE)-Thrall,https://www.wowprogress.com/guild/eu/thrall/Ready+Check+Buff
1547,Linear,EU-Ravencrest,https://www.wowprogress.com/guild/eu/ravencrest/Linear
1548,Sklaven des Blutra..,EU (DE)-Kult der Verdammten,https://www.wowprogress.com/guild/eu/kult-der-verdammten/Sklaven+des+Blutrausches
1552,NEET GANG,EU-Tarren Mill,https://www.wowprogress.com/guild/eu/tarren-mill/NEET+GANG
1560,Test,EU (DE)-Blackrock,https://www.wowprogress.com/guild/eu/blackrock/Test
1563,Traditio,EU-Draenor,https://www.wowprogress.com/guild/eu/draenor/Traditio
1564,Defy,EU-Tarren Mill,https://www.wowprogress.com/guild/eu/tarren-mill/Defy
1573,Stupid,EU-Argent Dawn,https://www.wowprogress.com/guild/eu/argent-dawn/Stupid
1574,Capsule Corp,EU (DE)-Blackhand,https://www.wowprogress.com/guild/eu/blackhand/Capsule+Corp
1579,Get Me Out,EU-Draenor,https://www.wowprogress.com/guild/eu/draenor/Get+Me+Out
1584,Third Time Lucky,EU-Draenor,https://www.wowprogress.com/guild/eu/draenor/Third+Time+Lucky
1585,Whirl,EU-Silvermoon,https://www.wowprogress.com/guild/eu/silvermoon/Whirl
1592,twenty cigs,EU (DE)-Blackhand,https://www.wowprogress.com/guild/eu/blackhand/twenty+cigs
1595,Hazard,EU (DE)-Blackrock,https://www.wowprogress.com/guild/eu/blackrock/Hazard
1601,Dissident,EU (DE)-Thrall,https://www.wowprogress.com/guild/eu/thrall/Dissident
1602,Dark Children of C..,EU (DE)-Khaz'goroth,https://www.wowprogress.com/guild/eu/khaz-goroth/Dark+Children+of+CHU+CHU
1603,Tiger Rebels,EU (DE)-Antonidas,https://www.wowprogress.com/guild/eu/antonidas/Tiger+Rebels
1612,Faolan,EU (DE)-Blackmoore,https://www.wowprogress.com/guild/eu/blackmoore/Faolan
1613,Dirty Zuk and the ..,EU-Ragnaros,https://www.wowprogress.com/guild/eu/ragnaros/Dirty+Zuk+and+the+Boyz
1617,Ex cinere,EU (DE)-Blackmoore,https://www.wowprogress.com/guild/eu/blackmoore/Ex+cinere
1619,The Shadowstalkers,EU-Argent Dawn,https://www.wowprogress.com/guild/eu/argent-dawn/The+Shadowstalkers
1620,Self Explanatory,EU-Draenor,https://www.wowprogress.com/guild/eu/draenor/Self+Explanatory
1621,Nelivia,EU-Draenor,https://www.wowprogress.com/guild/eu/draenor/Nelivia
1622,Diminishing Returns,EU-Kazzak,https://www.wowprogress.com/guild/eu/kazzak/Diminishing+Returns
1630,Circle of Trust,EU (DE)-Antonidas,https://www.wowprogress.com/guild/eu/antonidas/Circle+of+Trust
1630,Project One,EU (DE)-Antonidas,https://www.wowprogress.com/guild/eu/antonidas/Project+One
1634,LootMe,EU (DE)-Eredar,https://www.wowprogress.com/guild/eu/eredar/LootMe
1635,Irminsul,EU (DE)-Arthas,https://www.wowprogress.com/guild/eu/arthas/Irminsul
1636,Nomads TM,EU-Tarren Mill,https://www.wowprogress.com/guild/eu/tarren-mill/Nomads+TM
1637,Sink or Swim,EU-Tarren Mill,https://www.wowprogress.com/guild/eu/tarren-mill/Sink+or+Swim
1638,PlusUltra,EU (DE)-Eredar,https://www.wowprogress.com/guild/eu/eredar/PlusUltra
1639,Overzealous,EU-Silvermoon,https://www.wowprogress.com/guild/eu/silvermoon/Overzealous
1641,Alpaka Mafia,EU (DE)-Blackmoore,https://www.wowprogress.com/guild/eu/blackmoore/Alpaka+Mafia
1642,Affinity,EU-Silvermoon,https://www.wowprogress.com/guild/eu/silvermoon/Affinity
1645,It Is What It Is,EU (DE)-Eredar,https://www.wowprogress.com/guild/eu/eredar/It+Is+What+It+Is
1647,Gnome Garden,EU-Draenor,https://www.wowprogress.com/guild/eu/draenor/Gnome+Garden
1648,Unseen Legion,EU-Kazzak,https://www.wowprogress.com/guild/eu/kazzak/Unseen+Legion
1649,Thicc Thighs Save ..,EU-Stormscale,https://www.wowprogress.com/guild/eu/stormscale/Thicc+Thighs+Save+Lives
1660,Carpe Noctis,EU-Draenor,https://www.wowprogress.com/guild/eu/draenor/Carpe+Noctis
1661,Grey Log Gang,EU-Twisting Nether,https://www.wowprogress.com/guild/eu/twisting-nether/Grey+Log+Gang
1665,FreeSoul,EU (DE)-Proudmoore,https://www.wowprogress.com/guild/eu/proudmoore/FreeSoul
1666,Oh No,EU-Tarren Mill,https://www.wowprogress.com/guild/eu/tarren-mill/Oh+No
1667,Guttakrutt,EU-Tarren Mill,https://www.wowprogress.com/guild/eu/tarren-mill/Guttakrutt
1669,Flea Market,EU-Tarren Mill,https://www.wowprogress.com/guild/eu/tarren-mill/Flea+Market
1681,Angelverein Dalaran,EU (DE)-Blackmoore,https://www.wowprogress.com/guild/eu/blackmoore/Angelverein+Dalaran
1683,Jacked,EU (DE)-Blackhand,https://www.wowprogress.com/guild/eu/blackhand/Jacked
1684,K o K,EU-Drak'thul,https://www.wowprogress.com/guild/eu/drak-thul/K+o+K
1685,The Hidden Circle,EU-Twisting Nether,https://www.wowprogress.com/guild/eu/twisting-nether/The+Hidden+Circle
1686,Convoca,EU (DE)-Antonidas,https://www.wowprogress.com/guild/eu/antonidas/Convoca
1688,HAKI,EU (DE)-Blackmoore,https://www.wowprogress.com/guild/eu/blackmoore/HAKI
1689,The Cunning Lingui..,EU-Kazzak,https://www.wowprogress.com/guild/eu/kazzak/The+Cunning+Linguists
1690,The Devils Backbone,EU-Turalyon,https://www.wowprogress.com/guild/eu/turalyon/The+Devils+Backbone
1692,Lucrum Gaudium,EU-Silvermoon,https://www.wowprogress.com/guild/eu/silvermoon/Lucrum+Gaudium
1707,sound issues,EU (DE)-Blackhand,https://www.wowprogress.com/guild/eu/blackhand/sound+issues
1709,Broken Mind,EU (DE)-Blackhand,https://www.wowprogress.com/guild/eu/blackhand/Broken+Mind
1714,DÅRHUSET,EU-Kazzak,https://www.wowprogress.com/guild/eu/kazzak/D%C3%85RHUSET
1715,Hopeful,EU (DE)-Blackhand,https://www.wowprogress.com/guild/eu/blackhand/Hopeful
1716,Knicklicht,EU (DE)-Blackmoore,https://www.wowprogress.com/guild/eu/blackmoore/Knicklicht
1717,Retry,EU (DE)-Blackmoore,https://www.wowprogress.com/guild/eu/blackmoore/Retry
1719,Rejects,EU-Kazzak,https://www.wowprogress.com/guild/eu/kazzak/Rejects
1719,SoonTM,EU-Kazzak,https://www.wowprogress.com/guild/eu/kazzak/SoonTM
1721,Golden Age,EU-Draenor,https://www.wowprogress.com/guild/eu/draenor/Golden+Age
1725,Accidentally Disba..,EU-Silvermoon,https://www.wowprogress.com/guild/eu/silvermoon/Accidentally+Disbanded
1726,ALIRA ProgressInHa..,EU (DE)-Antonidas,https://www.wowprogress.com/guild/eu/antonidas/ALIRA+ProgressInHarmony
1731,Piratengang,EU (DE)-Blackmoore,https://www.wowprogress.com/guild/eu/blackmoore/Piratengang
1732,Healer problem,EU-Draenor,https://www.wowprogress.com/guild/eu/draenor/Healer+problem
1732,Astral Amazon Army,EU-Tarren Mill,https://www.wowprogress.com/guild/eu/tarren-mill/Astral+Amazon+Army
1734,Causing Mischief,EU-Sylvanas,https://www.wowprogress.com/guild/eu/sylvanas/Causing+Mischief
1735,Redefine,EU-Kazzak,https://www.wowprogress.com/guild/eu/kazzak/Redefine
1736,Anachronox,EU-Silvermoon,https://www.wowprogress.com/guild/eu/silvermoon/Anachronox
1740,Divergent,EU-Tarren Mill,https://www.wowprogress.com/guild/eu/tarren-mill/Divergent
1757,Drinks per Second,EU (DE)-Anub'arak,https://www.wowprogress.com/guild/eu/anub-arak/Drinks+per+Second
1758,Baboon Platoon,EU-Kazzak,https://www.wowprogress.com/guild/eu/kazzak/Baboon+Platoon
1761,Student Council,EU-Twisting Nether,https://www.wowprogress.com/guild/eu/twisting-nether/Student+Council
1762,azure,EU (DE)-Blackmoore,https://www.wowprogress.com/guild/eu/blackmoore/azure
1763,Stasis,EU-Draenor,https://www.wowprogress.com/guild/eu/draenor/Stasis
1764,Starship,EU-Terokkar,https://www.wowprogress.com/guild/eu/terokkar/Starship
1765,Siiu,EU (DE)-Blackhand,https://www.wowprogress.com/guild/eu/blackhand/Siiu
1766,O M E G A,EU-Twisting Nether,https://www.wowprogress.com/guild/eu/twisting-nether/O+M+E+G+A
1767,Decent,EU-Tarren Mill,https://www.wowprogress.com/guild/eu/tarren-mill/Decent
1774,Reanimated,EU-Tarren Mill,https://www.wowprogress.com/guild/eu/tarren-mill/Reanimated
1775,Inithium,EU (DE)-Blackmoore,https://www.wowprogress.com/guild/eu/blackmoore/Inithium
1776,Ascension,EU (DE)-Azshara,https://www.wowprogress.com/guild/eu/azshara/Ascension
1777,Renegade Raider,EU (DE)-Malygos,https://www.wowprogress.com/guild/eu/malygos/Renegade+Raider
1789,SilkSong,EU-Tarren Mill,https://www.wowprogress.com/guild/eu/tarren-mill/SilkSong
1791,New Horizon,EU (DE)-Eredar,https://www.wowprogress.com/guild/eu/eredar/New+Horizon
1793,Artifex,EU-Twisting Nether,https://www.wowprogress.com/guild/eu/twisting-nether/Artifex
1794,Deathstroke Division,EU-Kazzak,https://www.wowprogress.com/guild/eu/kazzak/Deathstroke+Division
1795,Promised,EU-Draenor,https://www.wowprogress.com/guild/eu/draenor/Promised
1796,Avsky,EU-Tarren Mill,https://www.wowprogress.com/guild/eu/tarren-mill/Avsky
1797,Rebels,EU-Sylvanas,https://www.wowprogress.com/guild/eu/sylvanas/Rebels
1798,Latinus Namus,EU-Draenor,https://www.wowprogress.com/guild/eu/draenor/Latinus+Namus
1799,Consistency,EU-Burning Legion,https://www.wowprogress.com/guild/eu/burning-legion/Consistency
1800,Vestige,EU-Drak'thul,https://www.wowprogress.com/guild/eu/drak-thul/Vestige
1804,BreathTakìng,EU (DE)-Blackrock,https://www.wowprogress.com/guild/eu/blackrock/BreathTak%C3%ACng
1805,No Spotheal,EU (DE)-Blackhand,https://www.wowprogress.com/guild/eu/blackhand/No+Spotheal
1807,Hellbound Hounds,EU-Argent Dawn,https://www.wowprogress.com/guild/eu/argent-dawn/Hellbound+Hounds
1809,Blue Balls,EU-Draenor,https://www.wowprogress.com/guild/eu/draenor/Blue+Balls
1827,Reset Inc,EU (DE)-Blackhand,https://www.wowprogress.com/guild/eu/blackhand/Reset+Inc
1828,Windrunners cult,EU-Drak'thul,https://www.wowprogress.com/guild/eu/drak-thul/Windrunners+cult
1829,PowerPuffPeons,EU (DE)-Blackrock,https://www.wowprogress.com/guild/eu/blackrock/PowerPuffPeons
1832,is free,EU (DE)-Blackrock,https://www.wowprogress.com/guild/eu/blackrock/is+free
1837,Slightly Mad,EU-Silvermoon,https://www.wowprogress.com/guild/eu/silvermoon/Slightly+Mad
1838,Chapter V,EU (DE)-Blackmoore,https://www.wowprogress.com/guild/eu/blackmoore/Chapter+V
1839,Wyrenar,EU (DE)-Eredar,https://www.wowprogress.com/guild/eu/eredar/Wyrenar
1840,Imperium,EU-Azuremyst,https://www.wowprogress.com/guild/eu/azuremyst/Imperium
1842,God Complex,EU-Twisting Nether,https://www.wowprogress.com/guild/eu/twisting-nether/God+Complex
1853,Die Gummibärenbande [ Sideraid],EU (DE)-Blackmoore,https://www.wowprogress.com/team/eu/blackmoore/raid-Sideraid
1854,The Sequel,EU-Silvermoon,https://www.wowprogress.com/guild/eu/silvermoon/The+Sequel
1855,BUFU,EU-Draenor,https://www.wowprogress.com/guild/eu/draenor/BUFU
1856,The Golden Dawn,EU (DE)-Aman'Thul,https://www.wowprogress.com/guild/eu/aman-thul/The+Golden+Dawn
1858,No Remorse,EU-Tarren Mill,https://www.wowprogress.com/guild/eu/tarren-mill/No+Remorse
1862,Exiles,EU-Emerald Dream,https://www.wowprogress.com/guild/eu/emerald-dream/Exiles
1865,Behind Boss,EU-Tarren Mill,https://www.wowprogress.com/guild/eu/tarren-mill/Behind+Boss
1866,Adapt,EU-Kazzak,https://www.wowprogress.com/guild/eu/kazzak/Adapt
1872,DUDE IS THAT A SUPRA,EU-Silvermoon,https://www.wowprogress.com/guild/eu/silvermoon/DUDE+IS+THAT+A+SUPRA
1878,Make it Snappy,EU-Draenor,https://www.wowprogress.com/guild/eu/draenor/Make+it+Snappy
1879,Echoes,EU (DE)-Blackmoore,https://www.wowprogress.com/guild/eu/blackmoore/Echoes
1880,Replicant,EU-Twisting Nether,https://www.wowprogress.com/guild/eu/twisting-nether/Replicant
1891,No Strings Attached,EU-Silvermoon,https://www.wowprogress.com/guild/eu/silvermoon/No+Strings+Attached
1893,Excellent,EU-Draenor,https://www.wowprogress.com/guild/eu/draenor/Excellent
1894,Somali Yacht Club,EU-Twisting Nether,https://www.wowprogress.com/guild/eu/twisting-nether/Somali+Yacht+Club
1895,Has Left The Guild,EU-Tarren Mill,https://www.wowprogress.com/guild/eu/tarren-mill/Has+Left+The+Guild
1896,Söhne des Drachen,EU (DE)-Blackmoore,https://www.wowprogress.com/guild/eu/blackmoore/S%C3%B6hne+des+Drachen
1897,Benched,EU (DE)-Taerar,https://www.wowprogress.com/guild/eu/taerar/Benched
1907,Insatiable,EU-Tarren Mill,https://www.wowprogress.com/guild/eu/tarren-mill/Insatiable
1908,Jesus Pop De Healt..,EU-Ragnaros,https://www.wowprogress.com/guild/eu/ragnaros/Jesus+Pop+De+Healthstone
1909,Angst,EU (DE)-Blackmoore,https://www.wowprogress.com/guild/eu/blackmoore/Angst
1910,Skitsamma,EU-Kazzak,https://www.wowprogress.com/guild/eu/kazzak/Skitsamma
1912,Obscura Legio,EU-Tarren Mill,https://www.wowprogress.com/guild/eu/tarren-mill/Obscura+Legio
1917,aware,EU (DE)-Blackhand,https://www.wowprogress.com/guild/eu/blackhand/aware
1921,Insuperabilis,EU (DE)-Eredar,https://www.wowprogress.com/guild/eu/eredar/Insuperabilis
1922,Rotschild,EU (DE)-Blackmoore,https://www.wowprogress.com/guild/eu/blackmoore/Rotschild
1927,The Empty Tankard,EU-Argent Dawn,https://www.wowprogress.com/guild/eu/argent-dawn/The+Empty+Tankard
1928,Unity,EU (DE)-Blackmoore,https://www.wowprogress.com/guild/eu/blackmoore/Unity
1932,Diamond Raid,EU (DE)-Lothar,https://www.wowprogress.com/guild/eu/lothar/Diamond+Raid
1936,chill out,EU (DE)-Blackmoore,https://www.wowprogress.com/guild/eu/blackmoore/chill+out
1938,Team Red,EU-Defias Brotherhood,https://www.wowprogress.com/guild/eu/defias-brotherhood/Team+Red
1940,Mosaic,EU-Draenor,https://www.wowprogress.com/guild/eu/draenor/Mosaic
1944,Ryggont,EU-Twisting Nether,https://www.wowprogress.com/guild/eu/twisting-nether/Ryggont
1954,Shadowmeld,EU-Sylvanas,https://www.wowprogress.com/guild/eu/sylvanas/Shadowmeld
1956,Behind the Curve,EU-Draenor,https://www.wowprogress.com/guild/eu/draenor/Behind+the+Curve
1960,Mentally ill,EU-Twisting Nether,https://www.wowprogress.com/guild/eu/twisting-nether/Mentally+ill
1963,Pwn Starz,EU-Ravencrest,https://www.wowprogress.com/guild/eu/ravencrest/Pwn+Starz
1965,Reign,EU-Draenor,https://www.wowprogress.com/guild/eu/draenor/Reign
1978,Trebuchet,EU-Twisting Nether,https://www.wowprogress.com/guild/eu/twisting-nether/Trebuchet
1979,SKADEMASKINEN,EU-Ravencrest,https://www.wowprogress.com/guild/eu/ravencrest/SKADEMASKINEN
1980,Iron Werewolves,EU-Kazzak,https://www.wowprogress.com/guild/eu/kazzak/Iron+Werewolves
1984,Outline,EU-Tarren Mill,https://www.wowprogress.com/guild/eu/tarren-mill/Outline
1985,Revolutions,EU-Tarren Mill,https://www.wowprogress.com/guild/eu/tarren-mill/Revolutions
1988,Brain AFK,EU-Kazzak,https://www.wowprogress.com/guild/eu/kazzak/Brain+AFK
1989,The Biyz,EU-Ragnaros,https://www.wowprogress.com/guild/eu/ragnaros/The+Biyz
1990,Stay Bricked,EU-Draenor,https://www.wowprogress.com/guild/eu/draenor/Stay+Bricked
1995,Eclipsé,EU-Tarren Mill,https://www.wowprogress.com/guild/eu/tarren-mill/Eclips%C3%A9
